PR_Number,Title,Author,Created_At,Merged_At,Updated_At,State,Is_Merged,Changed_Files,Additions,Deletions,Time_To_Merge_Hours,Labels,Requested_Reviewers,Final_Reviewers,Total_Reviews,Approvals,Change_Requests,Review_Comments
228,ci: use pipeline parameter to build sdks (publish step),aviv-julienjehannet,2025-07-22T13:50:14,2025-07-22T13:52:46,2025-07-22T13:52:48,closed,True,1,23,7,0.04,,,,0,0,0,
227,fix(contract): revert to previous valid contract definition,florianhyseni-aviv,2025-07-22T13:02:40,,2025-07-22T13:05:38,open,False,1,34,500,,,,,0,0,0,
226,fix: disable commitizen-branch because data contract are often edited…,aviv-julienjehannet,2025-07-22T12:26:11,2025-07-22T12:29:41,2025-07-22T12:29:44,closed,True,1,2,1,0.06,,,,0,0,0,
225,ci: use pipeline parameter to build sdks,aviv-julienjehannet,2025-07-22T12:14:07,2025-07-22T12:26:34,2025-07-22T12:26:35,closed,True,2,12,6,0.21,,,,0,0,0,
224,fix: force utf8 encoding for windows,aviv-julienjehannet,2025-07-22T11:48:14,2025-07-22T11:50:58,2025-07-22T11:51:00,closed,True,2,16,16,0.05,,,,0,0,0,
223,New data contract(s): EXT/signifi/DATAPLT-000,aviv-julienjehannet,2025-07-22T08:05:01,,2025-07-22T08:05:02,open,False,2,45,0,,data-contract,,,0,0,0,
222,fix(contract): restore contract after accidental copy-paste change,florianhyseni-aviv,2025-07-22T07:54:08,,2025-07-22T12:45:56,open,False,1,36,500,,,,"youcef15,Laitbelhoussein,florianhyseni-aviv",3,1,0,"Laitbelhoussein: i think these changes will require changes on our ..., florianhyseni-aviv: Yes that's true, in the PR that was created in our..."
221,fix: trim typo,aviv-julienjehannet,2025-07-21T17:06:30,2025-07-21T17:07:11,2025-07-21T17:07:13,closed,True,1,1,1,0.01,,,,0,0,0,
220,fix: ternary condition,aviv-julienjehannet,2025-07-21T17:02:37,2025-07-21T17:03:15,2025-07-21T17:03:17,closed,True,1,2,2,0.01,,,,0,0,0,
219,'New data contract(s): ACTS/DATAPLT-000',aviv-julienjehannet,2025-07-21T15:58:50,,2025-07-21T16:15:22,closed,False,50,1346,375,,data-contract,,,0,0,0,
218,feat: add primary/partition keys contraints and make explicit the ingestion mode,aviv-julienjehannet,2025-07-18T07:07:13,,2025-07-21T07:37:13,open,False,2,11,4,,governance,,"giselle-garnett,aviv-ziyadmuhammed",3,2,1,aviv-ziyadmuhammed: Please move this as the first column. Often consum...
217,fix: follow DF001 rule by using base data type only,aviv-julienjehannet,2025-07-17T12:35:04,2025-07-17T13:40:32,2025-07-17T13:40:34,closed,True,1,1,1,1.09,governance,,aviv-zhaolongliu,1,1,0,
216,Update conversation and users schema,sl-davidbernuau,2025-07-16T15:26:21,,2025-07-21T19:10:22,open,False,9,68,9,,data-contract,,"sl-davidbernuau,aviv-ziyadmuhammed,aviv-julienjehannet",10,0,2,"aviv-ziyadmuhammed:  Did v1 go in production and is used by consumers ..., aviv-ziyadmuhammed: Refer to [this](https://avivgroup.atlassian.net/wi..., aviv-ziyadmuhammed: Why is it optional?..."
215,Feat/dsgpac 333/update schema classified #214,florianhyseni-aviv,2025-07-16T13:54:09,2025-07-21T13:16:13,2025-07-21T13:16:14,closed,True,2,683,207,119.37,data-contract,,"aviv-hamzaeljaoui,Laitbelhoussein,aviv-julienjehannet,florianhyseni-aviv",5,3,1,Laitbelhoussein: same here for the subtype...
214,Feat/dsgpac 333/update schema classified,florianhyseni-aviv,2025-07-16T10:10:30,,2025-07-16T14:23:30,closed,False,6,185,185,,,,,0,0,0,
213,chore(deps-dev): bump black from 22.12.0 to 24.3.0 in /contribs/aviv_data_platform_python_sdk,dependabot[bot],2025-07-16T07:48:23,,2025-07-22T12:42:08,open,False,2,30,18,,"dependencies,python",DimitriKouliche,,0,0,0,
212,feat: use new capability folders based on capability codes,aviv-julienjehannet,2025-07-15T16:55:10,,2025-07-17T14:33:33,open,False,86,1,4,,enhancement,,,0,0,0,
211,docs: add Business rules implemented in Classified Management API,aviv-julienjehannet,2025-07-15T15:33:53,2025-07-15T15:38:56,2025-07-15T15:38:59,closed,True,1,5,0,0.08,,,,0,0,0,
210,feat(syntax): Deprecate/remove title annotation. Not adding value at the moment (closes: #DATAPLT-187),aviv-julienjehannet,2025-07-15T08:29:56,2025-07-15T10:55:56,2025-07-15T10:55:58,closed,True,44,2,106,2.43,,,sl-nicolasmoteley,1,1,0,
209,Feat: fraud-1992 - add moderation log contract  ,gsl-mohamedsoueid,2025-07-11T09:26:39,2025-07-11T12:18:26,2025-07-11T12:18:28,closed,True,2,43,0,2.86,data-contract,,aviv-julienjehannet,1,1,0,
208,feat: add python SDK,DimitriKouliche,2025-07-10T16:44:05,2025-07-16T07:46:50,2025-07-16T07:46:52,closed,True,14,2766,27,135.05,"enhancement,python",aviv-julienjehannet,sl-fredericdalessandro,1,1,0,
207,fix(pre-commit): no ensure ascii in pretty-json hook,aviv-julienjehannet,2025-07-10T14:05:27,2025-07-10T14:10:31,2025-07-10T14:10:34,closed,True,9,16,16,0.08,,,,0,0,0,
206,feat(syntax): get rid of PositiveInteger instead of Integer and expli…,aviv-julienjehannet,2025-07-10T11:47:41,2025-07-10T11:57:14,2025-07-10T11:57:16,closed,True,12,29,28,0.16,,,,0,0,0,
205,feat: add new SF Data contracts + Add PII levels,sl-nicolasmoteley,2025-07-09T13:42:19,2025-07-11T14:31:09,2025-07-11T14:31:12,closed,True,27,526,74,48.81,data-contract,,"Aviv-ThomasHuebner2,sl-davidbernuau,sl-nicolasmoteley,aviv-ziyadmuhammed,aviv-julienjehannet",14,3,0,"aviv-julienjehannet: Could you explain from which specification is comi..., aviv-julienjehannet: which account here? salesforce account ?..., aviv-julienjehannet: use create_ts when using timestamp otherwise use t..."
204,chore: drop unused data_product annotation,aviv-julienjehannet,2025-07-08T12:40:43,2025-07-08T12:52:12,2025-07-08T12:52:14,closed,True,39,77,76,0.19,,,,0,0,0,
203,fix: bump sdk and contracts to version 0.0.59,sl-fredericdalessandro,2025-07-08T10:05:22,2025-07-08T10:08:01,2025-07-08T10:08:02,closed,True,3,3,2,0.04,,,aviv-julienjehannet,1,1,0,
202,fix: Update ts sdk index,sl-fredericdalessandro,2025-07-08T08:24:46,2025-07-08T08:28:28,2025-07-08T08:28:30,closed,True,1,2,2,0.06,,aviv-julienjehannet,aviv-hamzaeljaoui,1,1,0,
201,Feat/contract set,aviv-julienjehannet,2025-07-07T16:23:12,2025-07-21T16:19:18,2025-07-21T16:19:20,closed,True,48,1307,375,335.94,enhancement,,,0,0,0,
200,ci(github): use stale github action,aviv-julienjehannet,2025-07-07T13:13:33,2025-07-08T13:15:17,2025-07-16T13:16:32,closed,True,1,19,0,24.03,,,,0,0,0,
199,feat(pre-commit): propose manual check for DF001,aviv-julienjehannet,2025-07-07T10:02:11,2025-07-07T10:57:06,2025-07-16T13:20:35,closed,True,2,8,3,0.92,,,,0,0,0,
198,Fix/df001,aviv-julienjehannet,2025-07-07T09:48:41,,2025-07-07T09:52:24,closed,False,0,0,0,,,,,0,0,0,
197,fix: Buggy desynchronization with S3... To inspect,aviv-julienjehannet,2025-07-04T15:34:36,2025-07-04T15:35:15,2025-07-04T15:35:17,closed,True,1,18,10,0.01,,,,0,0,0,
196,feat: enable CODEOWNERS automatic generation,aviv-julienjehannet,2025-07-04T14:31:37,2025-07-04T15:21:35,2025-07-16T14:42:51,closed,True,66,438,561,0.83,,,,0,0,0,
195,fix: delete .idea directory,sl-fredericdalessandro,2025-07-03T09:18:23,2025-07-03T09:22:52,2025-07-03T09:22:53,closed,True,10,1,89,0.07,,,aviv-julienjehannet,1,1,0,
194,fix: make sure git-hooks are correctly enabled [skip ci],aviv-julienjehannet,2025-07-02T19:04:54,2025-07-04T16:26:48,2025-07-04T16:26:50,closed,True,1,4,0,45.37,"enhancement,good first issue",,,0,0,0,
193,fix: s3 synchronization must take into account metadata changes,aviv-julienjehannet,2025-07-02T17:33:39,2025-07-02T18:44:51,2025-07-02T18:44:53,closed,True,2,25,13,1.19,bug,,,0,0,0,
192,fix: keep TestAnnotations.payload immutable in tests,aviv-julienjehannet,2025-07-02T15:42:48,2025-07-02T15:47:04,2025-07-02T15:47:05,closed,True,1,6,4,0.07,,,,0,0,0,
191,feat: Payment Contracts V2,aviv-augustinjuricic,2025-07-02T12:42:37,,2025-07-22T13:26:06,open,False,8,176,113,,data-contract,"sl-fredericdalessandro,aviv-julienjehannet","aviv-ziyadmuhammed,aviv-augustinjuricic,giselle-garnett,aviv-julienjehannet",11,1,1,"aviv-augustinjuricic: @aviv-julienjehannet How come the version is 1, ev..., aviv-ziyadmuhammed: refund_id and invoice_id can be the same? If not, ..., aviv-ziyadmuhammed: Remove from here. Already present in codelists fil..."
190,feat:PII Feature,aviv-fathallahelmasri,2025-07-02T10:11:32,2025-07-08T12:37:27,2025-07-08T12:37:29,closed,True,4,38,0,146.43,enhancement,,"copilot-pull-request-reviewer[bot],aviv-julienjehannet",2,1,0,"Copilot: [nitpick] Using `__slots__` to define allowed PII ..., Copilot: [nitpick] Remove or replace this `print` statement..."
189,ci: enhance artifact publishing scripts with version checks and cleanup,sl-fredericdalessandro,2025-07-01T16:57:26,2025-07-02T08:56:30,2025-07-02T08:56:32,closed,True,2,80,3,15.98,,,"aviv-julienjehannet,sl-victorceron",2,2,0,
188,improve contract validation report per contract,aviv-julienjehannet,2025-07-01T13:52:44,2025-07-01T16:23:22,2025-07-01T16:23:24,closed,True,34,231,180,2.51,enhancement,,copilot-pull-request-reviewer[bot],2,0,0,"Copilot: This stderr handler lacks a `filter` argument, so ..., Copilot: This includes the script name in `argv`, leading t..., Copilot: This early `return True` bypasses the actual valid..."
187,feat: new ts sdk version,sl-fredericdalessandro,2025-07-01T13:37:26,2025-07-01T15:20:06,2025-07-01T15:20:07,closed,True,9,127,150,1.71,,,,0,0,0,
186,feat/DATAPLT-182: Migrate the Team referential into Yaml file,sl-nicolasmoteley,2025-07-01T08:32:45,2025-07-03T15:16:09,2025-07-03T15:16:11,closed,True,13,248,18,54.72,,,aviv-julienjehannet,1,0,0,aviv-julienjehannet: Oktay me disait que les deux équipes peuvent être ...
185,feat: add primary keys on conversationmember table,li-oliviergerffroy,2025-06-30T14:33:40,2025-07-02T06:56:46,2025-07-02T06:56:48,closed,True,1,2,2,40.38,data-contract,,"aviv-julienjehannet,iwt-ddzevlan,sl-nicolasmoteley",3,3,0,
184,feat: update SDK package metadata and simplify publish script,sl-fredericdalessandro,2025-06-30T14:11:38,2025-06-30T14:27:42,2025-06-30T14:27:43,closed,True,3,21,23,0.27,,,aviv-julienjehannet,1,1,0,
183,Fix/doc,aviv-julienjehannet,2025-06-30T13:50:40,2025-06-30T16:34:45,2025-06-30T16:34:46,closed,True,12,17,12,2.73,,,,0,0,0,
182,Feat/adjust,aviv-nsamardzic,2025-06-30T12:40:58,2025-07-03T10:13:04,2025-07-03T10:13:10,closed,True,4,187,0,69.53,data-contract,,aviv-julienjehannet,3,1,1,"aviv-julienjehannet: I didn't see any reporting_currency value in your ..., aviv-julienjehannet: try to import & use this if you have  ISO 3166-1 a..., aviv-julienjehannet: You should use [ISO 8601](https://en.wikipedia.org..."
181,feat: create paused handler for uncompliant contracts,aviv-julienjehannet,2025-06-28T14:05:14,2025-06-30T14:02:43,2025-06-30T14:02:45,closed,True,11,336,367,47.96,enhancement,,copilot-pull-request-reviewer[bot],1,0,0,Copilot: [nitpick] Using index popping to filter out contra...
180,ci: improve versioning and publishing processes,sl-fredericdalessandro,2025-06-27T15:21:41,2025-06-27T15:29:07,2025-06-27T15:29:09,closed,True,3,19,17,0.12,,aviv-julienjehannet,,0,0,0,
179,fix: update CircleCI config and adjust SDK versioning,sl-fredericdalessandro,2025-06-27T14:52:36,2025-06-27T14:58:05,2025-06-27T14:58:07,closed,True,3,4,3,0.09,,,aviv-julienjehannet,1,1,0,
178,feat: add network_names field for Boost Self Service data contract,sl-nicolasmoteley,2025-06-27T14:46:51,2025-06-30T08:44:56,2025-06-30T08:44:57,closed,True,2,5,1,65.97,data-contract,,"sl-davidbernuau,aviv-julienjehannet",2,2,0,
177,fix: update cache key in CircleCI config,sl-fredericdalessandro,2025-06-27T14:26:33,2025-06-27T14:37:30,2025-06-27T14:37:32,closed,True,2,8,1,0.18,,"aviv-bertrandmoundounga,aviv-hamzaeljaoui",,0,0,0,
176,fix: update cache key in CircleCI config,sl-fredericdalessandro,2025-06-27T13:43:03,2025-06-27T14:13:46,2025-06-27T14:13:46,closed,True,2,5,3,0.51,,aviv-hamzaeljaoui,aviv-bertrandmoundounga,1,1,0,
175,feat: add ISO 3166-1 alpha-2 format support in common codesets,aviv-julienjehannet,2025-06-27T12:32:32,2025-06-30T13:44:34,2025-06-30T13:44:36,closed,True,13,188,36,73.2,enhancement,"aviv-fathallahelmasri,giselle-garnett",copilot-pull-request-reviewer[bot],3,0,0,"Copilot: The word 'impoert' is misspelled; it should be 'im..., Copilot: The `codeset` fragment type points to a 'codeset' ..."
174,Tslm 299 collect necessary data from adjust mmp in aws for ltv monitoring,aviv-nsamardzic,2025-06-27T12:16:25,,2025-06-30T12:40:33,closed,False,4,216,0,,,,aviv-imijatovic,1,1,0,
173,fix: use generic UUID version to support v4 + v7,aviv-julienjehannet,2025-06-27T11:57:30,2025-06-27T12:01:40,2025-06-27T12:01:42,closed,True,4,12,8,0.07,,,sl-victorceron,1,1,0,
172,fix: reset all branch schemata by default,aviv-julienjehannet,2025-06-27T09:48:49,2025-06-27T10:13:26,2025-06-27T10:13:28,closed,True,1,16,15,0.41,,,,0,0,0,
171,Feat/properbird at de,aviv-imijatovic,2025-06-27T09:44:50,,2025-07-17T11:00:48,open,False,48,1495,404,,data-contract,,"aviv-nsamardzic,giselle-garnett,aviv-imijatovic,aviv-fathallahelmasri,aviv-julienjehannet",18,1,1,"aviv-julienjehannet: Typo..., aviv-julienjehannet: Do you have a closed list here ?..., aviv-julienjehannet: Can be a float?..."
170,Fix/quite,aviv-julienjehannet,2025-06-26T16:08:31,2025-06-26T16:11:07,2025-06-26T16:11:08,closed,True,1,2,1,0.04,,,,0,0,0,
169,fix: PULL_REQUEST_NUMBER can be None,aviv-julienjehannet,2025-06-26T15:56:35,2025-06-26T15:56:46,2025-06-26T15:56:47,closed,True,1,1,1,,,,,0,0,0,
168,fix: use draft mode to reset registry,aviv-julienjehannet,2025-06-26T11:42:32,2025-06-26T15:31:25,2025-06-26T15:31:27,closed,True,11,229,196,3.81,,sl-fredericdalessandro,,0,0,0,
167,Create README.md,aviv-julienjehannet,2025-06-26T08:46:05,2025-06-26T15:49:46,2025-06-26T15:49:48,closed,True,2,29,6,7.06,,,,0,0,0,
166,feat: TypeScript SDK,sl-fredericdalessandro,2025-06-26T08:00:39,2025-06-27T13:35:13,2025-06-27T13:35:14,closed,True,12,7284,0,29.58,enhancement,,aviv-julienjehannet,1,1,0,
165,"Revert ""Feat/properbird contracts""",aviv-imijatovic,2025-06-25T11:32:14,,2025-06-25T13:25:17,closed,False,9,14,874,,,,aviv-tbalen,1,1,0,
164,fix: check python optimize option,aviv-julienjehannet,2025-06-25T07:36:27,2025-06-25T13:02:07,2025-06-27T13:05:01,closed,True,5,45,28,5.43,,,,0,0,0,
163,chore(clsa): ACVNLP-2049 Set place & channel as mandatory.,sl-victorceron,2025-06-24T15:14:13,2025-06-27T09:08:07,2025-06-27T09:08:08,closed,True,12,30,14,65.9,data-contract,iwt-vplank,"sl-lydiachibane,aviv-julienjehannet",2,2,0,
162,feat: add contracts for Autocomplete Feedback,DimitriKouliche,2025-06-24T09:48:00,2025-07-08T08:54:35,2025-07-08T08:54:37,closed,True,10,455,0,335.11,data-contract,,"aviv-julienjehannet,Komalis,tglaudel,DimitriKouliche",26,3,1,"aviv-julienjehannet: You should use the 2025 revision, isn't it?..., aviv-julienjehannet: I will try to consolidate this usage in the common..., aviv-julienjehannet: We want to keep separated the editor workflow (usi..."
161,fix: avro description propagation,aviv-julienjehannet,2025-06-23T15:50:58,2025-06-24T14:49:56,2025-06-24T14:49:57,closed,True,7,281,48,22.98,bug,,,0,0,0,
160,feat: update readme,aviv-kimkocet,2025-06-19T15:31:23,2025-06-20T08:34:00,2025-06-20T08:34:02,closed,True,1,48,0,17.04,documentation,,"aviv-julienjehannet,sl-victorceron",2,2,0,
159,feat(rules): implement POL001 + POL002,aviv-julienjehannet,2025-06-19T11:25:42,2025-06-20T14:36:15,2025-06-20T14:36:17,closed,True,24,389,195,27.18,enhancement,,,0,0,0,
158,build(deps): bump urllib3 from 2.4.0 to 2.5.0,dependabot[bot],2025-06-19T05:32:07,,2025-06-20T14:37:37,closed,False,1,3,3,,"dependencies,python",,,0,0,0,
157,bump: clean package namespaces,aviv-julienjehannet,2025-06-18T15:32:17,2025-06-18T16:09:11,2025-06-18T16:09:12,closed,True,1,2,6,0.61,,,,0,0,0,
156,fix: update Makefile contract target,sl-fredericdalessandro,2025-06-18T15:08:29,,2025-07-04T21:05:45,closed,False,4,82,83,,,,aviv-julienjehannet,2,1,0,aviv-julienjehannet: You should prefer `poetry sync` instead....
155,feat: call tracking,aviv-marekpowroznik,2025-06-18T14:23:04,2025-06-27T13:44:11,2025-06-27T13:44:12,closed,True,3,93,0,215.35,data-contract,"aviv-fathallahelmasri,giselle-garnett","giselle-garnett,aviv-marekpowroznik,aviv-ziyadmuhammed,aviv-fathallahelmasri,aviv-julienjehannet",28,2,3,"aviv-julienjehannet: @sl-fredericdalessandro mentionned UUIDv5 in a pri..., aviv-julienjehannet: Replace `str` by `String` everywhere.
FYI, empty ..., aviv-julienjehannet: phone number are tricky to used if badly managed. ..."
154,feat: add IntelliJ project files and update Makefile,sl-fredericdalessandro,2025-06-18T11:07:49,2025-06-18T14:07:59,2025-06-18T14:08:00,closed,True,14,114,18,3.0,,,"aviv-julienjehannet,sl-fredericdalessandro",5,1,0,"aviv-julienjehannet: Normal to have encoded name here ?..., aviv-julienjehannet: The contract --new command is quite rudimentary. N..., aviv-julienjehannet: And we should prefer `poe` commands for contract o..."
153,Feat/mcm 1915 : add boost self service data contract,sl-nicolasmoteley,2025-06-18T08:24:54,2025-06-24T12:36:53,2025-06-24T12:36:54,closed,True,3,48,0,148.2,data-contract,sl-thomasbardy,"aviv-tetianamyronovska,aviv-julienjehannet,iwt-ddzevlan,sl-nicolasmoteley",5,3,1,"aviv-julienjehannet: is it possible to follow snake_case convention for..., aviv-julienjehannet: Maybe you could use PositiveInteger instead ?..., sl-nicolasmoteley: `Input should be greater than 0 [type=greater_than..."
152,chore(clsa): :wastebasket: ACVNLP-1961 Remove useless fields,sl-victorceron,2025-06-17T21:38:25,2025-06-18T13:09:18,2025-06-18T13:09:20,closed,True,3,1,10,15.51,data-contract,,"aviv-julienjehannet,aviv-kimkocet",2,2,0,
151,fix: atom types are not types,aviv-julienjehannet,2025-06-17T11:18:37,2025-06-17T11:24:21,2025-06-17T11:24:23,closed,True,2,5,5,0.1,,,,0,0,0,
150,fix: Timestamp atom type is not a new type,aviv-julienjehannet,2025-06-16T11:00:54,2025-06-16T11:05:29,2025-06-16T11:05:31,closed,True,1,1,1,0.08,,,,0,0,0,
149,Feat/optional,aviv-julienjehannet,2025-06-14T10:27:01,2025-06-16T10:43:01,2025-06-16T10:43:03,closed,True,20,275,227,48.27,enhancement,"aviv-fathallahelmasri,giselle-garnett",,0,0,0,
148,feat(rules): POL001 + POL002,aviv-julienjehannet,2025-06-13T16:56:38,2025-06-18T14:58:48,2025-06-18T14:58:49,closed,True,13,621,356,118.04,enhancement,"aviv-fathallahelmasri,giselle-garnett",aviv-julienjehannet,1,0,0,aviv-julienjehannet: add explanation here...
147,Feat/ACVNLP-1961 : :sparkles: Create Classified Analytics V2 contract,sl-victorceron,2025-06-13T13:28:56,2025-06-17T13:41:48,2025-06-17T13:41:54,closed,True,44,929,144,96.21,data-contract,PascaleBrun,"aviv-bertrandmoundounga,sl-victorceron,giselle-garnett,aviv-fathallahelmasri,aviv-julienjehannet",15,4,0,"aviv-julienjehannet: Skip this line because of the empty string ..., aviv-julienjehannet: Don't put a default value here. The optional behav..., aviv-julienjehannet: The definition must not be here as pointed in the ..."
146,feat(rules): detect builtin for DF001,aviv-julienjehannet,2025-06-13T11:51:59,2025-06-13T12:44:22,2025-06-13T17:27:35,closed,True,20,210,157,0.87,,"aviv-fathallahelmasri,giselle-garnett",,0,0,0,
145,feat: add functional monitoring contract v3,aviv-zhaolongliu,2025-06-13T09:36:38,2025-06-13T12:06:26,2025-06-13T12:06:28,closed,True,2,34,0,2.5,,,sl-victorceron,1,1,0,
144,feat: add support for Timestamp (closes: #DATAPLT-161),aviv-julienjehannet,2025-06-11T08:12:46,2025-06-11T15:58:32,2025-06-11T16:03:17,closed,True,16,135,37,7.76,enhancement,"aviv-fathallahelmasri,giselle-garnett",,0,0,0,
143,"fix: fix contract breaking change, add v2 schema",aviv-zhaolongliu,2025-06-10T15:39:55,2025-06-10T16:42:13,2025-06-10T16:42:15,closed,True,4,78,17,1.04,,,aviv-kimkocet,1,1,0,
142,Feat/acvnlp 1907 functional monitoring schema update,aviv-zhaolongliu,2025-06-10T12:52:21,2025-06-10T15:11:40,2025-06-10T15:11:42,closed,True,2,17,36,2.32,,,aviv-kimkocet,1,1,0,
141,build(deps-dev): bump requests from 2.32.3 to 2.32.4,dependabot[bot],2025-06-10T12:45:27,,2025-06-11T09:33:15,closed,False,1,14,9,,"dependencies,python",,,0,0,0,
140,Feat/properbird unique,aviv-nsamardzic,2025-06-09T13:15:58,2025-06-10T12:31:06,2025-06-10T12:31:08,closed,True,18,296,263,23.25,,aviv-julienjehannet,aviv-tbalen,1,1,0,
139,style: mention rules book in data contract exception message,aviv-julienjehannet,2025-06-06T15:21:01,2025-06-11T08:45:22,2025-06-11T16:03:26,closed,True,5,45,17,113.41,,"aviv-fathallahelmasri,giselle-garnett",,0,0,0,
138,feat: add signifi table schema contract,gsl-raniaelbouhssini,2025-06-05T12:43:06,,2025-07-22T11:59:18,open,False,2,115,0,,data-contract,"aviv-tetianamyronovska,giselle-garnett","aviv-tetianamyronovska,iwt-ddzevlan,gsl-raniaelbouhssini,aviv-ziyadmuhammed,aviv-fathallahelmasri,aviv-julienjehannet",77,4,5,"aviv-julienjehannet: Can you replace the base type `str` by the stricte..., aviv-julienjehannet: `from aviv.data.modeling import Integer`..., aviv-julienjehannet: You can benefit from Network Pydantic types for UR..."
137,fix: add cases housing contracts,Laitbelhoussein,2025-06-05T09:44:20,,2025-07-17T11:00:22,open,False,8,234,8,,"data-contract,outdated",,,0,0,0,
136,Feat/properbird contracts,aviv-imijatovic,2025-06-05T08:19:57,2025-06-25T11:14:41,2025-06-25T11:14:43,closed,True,9,874,14,482.91,data-contract,,"aviv-tbalen,aviv-nsamardzic",2,2,0,
135,feat: add technical fields to parsed,Laitbelhoussein,2025-06-03T13:24:20,2025-06-04T08:37:16,2025-06-04T08:37:19,closed,True,2,21,0,19.22,,,manzkel,1,1,0,
134,feat: support RootModel in avro conversion,aviv-julienjehannet,2025-06-02T14:04:36,,2025-07-04T16:58:06,open,False,7,90,27,,bug,,,0,0,0,
133,opt lct,aviv-tbalen,2025-06-02T07:28:46,2025-06-03T09:32:43,2025-06-03T09:32:44,closed,True,1,5,5,26.07,,,aviv-nsamardzic,1,1,0,
132,style: use common standard to lint data contracts,aviv-julienjehannet,2025-05-30T23:52:46,2025-06-02T09:21:29,2025-06-11T16:03:56,closed,True,28,201,261,57.48,"enhancement,good first issue",,giselle-garnett,1,1,0,
131,fix(classifieds_analytics): minor compatible update for v1,aviv-julienjehannet,2025-05-30T20:06:53,2025-05-30T20:16:35,2025-05-30T20:16:36,closed,True,5,12,10,0.16,,,,0,0,0,
130,fix: wrong reference backref,aviv-julienjehannet,2025-05-30T19:54:59,2025-05-30T20:05:31,2025-05-30T20:05:33,closed,True,4,28,1,0.18,,,,0,0,0,
129,fix: report forward compatibility problems without blocking the roll-out,aviv-julienjehannet,2025-05-28T17:17:45,2025-05-30T20:23:33,2025-05-30T20:23:34,closed,True,2,113,86,51.1,,,,0,0,0,
128,feat: Add functional monitoring data contract,aviv-zhaolongliu,2025-05-28T14:18:53,2025-06-02T13:22:10,2025-06-02T13:22:11,closed,True,3,62,0,119.05,data-contract,,"aviv-zhaolongliu,aviv-julienjehannet,ahached",6,2,0,"aviv-julienjehannet: A timezone info is required in the Datetime field ..., aviv-julienjehannet: Ok, I understand here. You have a particular suppo..., aviv-julienjehannet: I suppose you have a dbt schema as primary source...."
127,ci: minor changes about cache,aviv-julienjehannet,2025-05-27T12:31:01,2025-05-27T14:09:07,2025-05-27T14:09:09,closed,True,4,41,20,1.64,,,,0,0,0,
126,Fix/monorepo 1,aviv-julienjehannet,2025-05-27T08:21:54,2025-05-27T08:28:43,2025-05-27T08:28:46,closed,True,24,275,21,0.11,,,,0,0,0,
125,build: forget artifact files in repository. Must not interfere,aviv-julienjehannet,2025-05-26T15:22:27,2025-05-26T15:31:27,2025-05-26T15:31:30,closed,True,29,4,12941,0.15,,,,0,0,0,
124,Feat/messaging,li-oliviergerffroy,2025-05-22T09:02:13,2025-06-19T16:03:28,2025-06-19T16:03:29,closed,True,9,131,0,679.02,data-contract,,"li-oliviergerffroy,aviv-fathallahelmasri,iwt-ddzevlan,aviv-julienjehannet",17,3,1,"aviv-julienjehannet: typo: Member..., aviv-fathallahelmasri: Can we exclude this file from the commit, as it is..., aviv-fathallahelmasri: Description is too general, could we have more exp..."
123,Feat/ingestion mode 2,aviv-julienjehannet,2025-05-21T11:59:47,2025-05-21T13:27:24,2025-05-21T13:27:26,closed,True,11,165,118,1.46,,,sl-fredericdalessandro,1,1,0,
122,chore(ruff): update,aviv-julienjehannet,2025-05-21T10:27:28,2025-05-21T10:36:45,2025-05-21T10:36:47,closed,True,1,1,1,0.15,,,,0,0,0,
121,Soft Deletion,aviv-fathallahelmasri,2025-05-21T09:19:16,,2025-06-18T10:22:20,open,False,19,561,38,,"enhancement,do_not_merge",aviv-julienjehannet,giselle-garnett,1,0,1,
120,Fix/inheritance,aviv-julienjehannet,2025-05-20T09:04:04,2025-05-20T09:26:45,2025-05-20T09:26:47,closed,True,3,115,111,0.38,,,,0,0,0,
119,Classifieds analytics v2,aviv-julienjehannet,2025-05-19T14:20:36,,2025-05-19T14:29:01,closed,False,114,14038,1602,,,,,0,0,0,
118,"Revert ""feat(properbird): added contracts for unique""",aviv-julienjehannet,2025-05-19T13:31:30,2025-05-19T13:33:12,2025-05-19T13:33:14,closed,True,4,0,68,0.03,,,,0,0,0,
117,feat(properbird): added contracts for unique,aviv-tbalen,2025-05-19T11:52:16,2025-05-19T11:53:58,2025-05-19T11:54:00,closed,True,4,68,0,0.03,,,aviv-imijatovic,1,1,0,
116,feat: added support for the SNAPSHOT_HISTORY ingestion mode to enhanc…,aviv-julienjehannet,2025-05-16T16:48:46,2025-05-19T15:45:24,2025-06-11T16:04:09,closed,True,7,46,28,70.94,enhancement,sl-fredericdalessandro,"aviv-hamzaeljaoui,sl-nicolasmoteley",2,2,0,
115,feat(rules): manage missing case example files,aviv-julienjehannet,2025-05-16T15:17:53,2025-06-02T11:30:01,2025-06-02T11:30:04,closed,True,1,41,0,404.2,"enhancement,good first issue",,giselle-garnett,1,1,0,
114,fix: mark the partition and primary keys,aviv-imijatovic,2025-05-14T10:20:56,2025-05-14T10:27:34,2025-05-14T10:27:36,closed,True,1,6,4,0.11,,,aviv-tbalen,1,1,0,
113,fix: update CODEOWNERS,aviv-julienjehannet,2025-05-13T11:49:16,2025-05-13T11:53:47,2025-05-13T11:53:48,closed,True,1,1,0,0.08,,,,0,0,0,
112,Tslm 169 define data contract for proper bird bi,aviv-imijatovic,2025-05-13T10:02:22,,2025-05-14T10:19:26,closed,False,2,92,4,,data-contract,,,0,0,0,
111,fix: Add support for handling pull request-specific schemas,sl-fredericdalessandro,2025-05-13T07:44:40,2025-05-19T15:50:52,2025-05-19T15:50:53,closed,True,4,141,39,152.1,,,"aviv-hamzaeljaoui,aviv-tbalen,aviv-julienjehannet,ytallal",4,4,0,
110,Tslm 169 define data contract for proper bird bi,aviv-imijatovic,2025-05-13T07:42:17,2025-05-13T08:07:01,2025-05-13T08:07:04,closed,True,2,71,1,0.41,,,aviv-tbalen,1,1,0,
109,test,aviv-tbalen,2025-05-09T09:13:35,2025-05-09T09:21:13,2025-05-09T09:21:14,closed,True,1,1,1,0.13,,,"aviv-imijatovic,aviv-nsamardzic",2,2,0,
108,feat: add new Intermediary Analytics contract,sl-lydiachibane,2025-05-07T15:16:15,,2025-07-04T07:25:27,closed,False,4,162,0,,"data-contract,outdated",aviv-julienjehannet,"sl-lydiachibane,aviv-julienjehannet",3,1,0,"aviv-julienjehannet: ```
        description=(
            ""The locat..., aviv-julienjehannet: attention, not correct (cf. dessus)..., sl-lydiachibane: > ```
>         description=(
>             ""The..."
107,feat(poe): add registry command to delete schema,aviv-julienjehannet,2025-04-30T11:26:56,2025-04-30T11:36:00,2025-04-30T11:36:01,closed,True,1,16,0,0.15,,,sl-fredericdalessandro,1,1,0,
106,Tslm 169 define data contract for proper bird bi,aviv-imijatovic,2025-04-30T08:00:22,2025-04-30T08:01:22,2025-04-30T08:01:23,closed,True,1,3,1,0.02,,,"aviv-tbalen,aviv-nsamardzic",2,2,0,
105,feat(contract): add policies annotation with ingestion mode as first …,aviv-julienjehannet,2025-04-29T13:44:42,2025-05-02T15:04:12,2025-06-11T16:04:32,closed,True,7,245,1,73.33,enhancement,"sl-nicolasmoteley,aviv-hamzaeljaoui","aviv-julienjehannet,sl-fredericdalessandro",3,1,0,"sl-fredericdalessandro: SNAPHOST_HISTORY..., aviv-julienjehannet: I'm not sure what you mean but I check now that ex..."
104,fix(properbird): set field default value,aviv-imijatovic,2025-04-29T12:07:20,2025-04-29T12:10:38,2025-04-29T12:10:40,closed,True,1,2,1,0.06,,,aviv-tbalen,1,1,0,
103,Tslm 169 define data contract for proper bird bi,aviv-imijatovic,2025-04-29T08:11:46,2025-04-29T08:14:58,2025-04-29T08:15:00,closed,True,1,2,1,0.05,,,aviv-tbalen,1,1,0,
102,feat: implement basic raw ownership on 1 contract only,aviv-julienjehannet,2025-04-25T14:03:55,2025-04-28T12:13:40,2025-04-28T12:13:41,closed,True,6,233,6,70.16,,,aviv-hamzaeljaoui,1,1,0,
101,Fix/pypoetry,aviv-julienjehannet,2025-04-24T19:51:15,2025-04-24T20:06:22,2025-04-24T20:06:24,closed,True,3,6,1,0.25,,sl-fredericdalessandro,,0,0,0,
100,ci: fix validate target after the build (during publishing),aviv-julienjehannet,2025-04-24T19:09:05,2025-04-24T19:11:29,2025-04-24T19:11:31,closed,True,1,1,1,0.04,,,,0,0,0,
99,ci: change poetry cache entry to include plugins,aviv-julienjehannet,2025-04-24T18:58:57,2025-04-24T19:01:31,2025-04-24T19:01:33,closed,True,2,17,14,0.04,,,,0,0,0,
98,feat(contract): allow new PartitionLayout YYYYMMDD setting,aviv-julienjehannet,2025-04-24T15:48:59,,2025-06-18T13:32:39,closed,False,2,3,3,,enhancement,sl-fredericdalessandro,aviv-bertrandmoundounga,1,1,0,
97,fix: make ci commit compatible to conventional commit format,aviv-julienjehannet,2025-04-24T15:40:25,2025-04-24T19:25:56,2025-04-24T19:25:58,closed,True,1,5,2,3.76,,sl-fredericdalessandro,,0,0,0,
96,Feat/new contract templating,aviv-julienjehannet,2025-04-24T15:16:34,2025-06-11T08:53:46,2025-06-11T08:53:48,closed,True,9,72,44,1145.62,"enhancement,do_not_merge",,,0,0,0,
95,chore: Specifications should not be part of the contract repository (closes: #DATAPLT-92),aviv-julienjehannet,2025-04-23T15:18:02,2025-04-23T15:21:36,2025-04-23T15:21:38,closed,True,4,0,735,0.06,,,giselle-garnett,1,1,0,
94,feat: Rename glue_version into minor_version (closes: #DATAPLT-132),aviv-julienjehannet,2025-04-23T14:35:25,2025-04-23T15:16:29,2025-04-23T15:16:30,closed,True,13,34,29,0.68,,,"aviv-zhaolongliu,sl-fredericdalessandro",2,2,0,
93,Tslm 169 define data contract for proper bird bi,aviv-julienjehannet,2025-04-23T13:20:38,,2025-04-23T13:25:08,closed,False,0,0,0,,,aviv-imijatovic,,0,0,0,
92,Tslm 169 define data contract for proper bird bi,aviv-imijatovic,2025-04-23T11:24:56,2025-04-23T12:37:17,2025-04-23T13:20:30,closed,True,1,168,49,1.21,,,aviv-tbalen,1,1,0,
91,Feat/salesforce P1 init,sl-nicolasmoteley,2025-04-23T07:53:43,2025-07-07T09:26:39,2025-07-07T09:26:40,closed,True,33,3169,0,1801.55,data-contract,"sl-fredericdalessandro,aviv-julienjehannet,iwt-phausmann,Aviv-ThomasHuebner2,aviv-fathallahelmasri,giselle-garnett","iwt-phausmann,aviv-davidmartinez,Aviv-ThomasHuebner2,giselle-garnett,iwt-ddzevlan,sl-nicolasmoteley,aviv-fathallahelmasri,aviv-julienjehannet",40,7,2,"aviv-julienjehannet: Prefer the AwareDatetime data type to ensure your ..., aviv-julienjehannet: This data type will be included in the next modeli..., aviv-fathallahelmasri: - Do you have a formal data definition for this ""i..."
90,Feat/display,aviv-julienjehannet,2025-04-22T07:58:22,2025-04-22T08:02:01,2025-04-22T08:02:02,closed,True,3,8,5,0.06,,,sl-fredericdalessandro,1,1,0,
89,Feat/environment,aviv-julienjehannet,2025-04-18T11:14:30,2025-04-24T12:59:47,2025-04-24T12:59:49,closed,True,22,1103,738,145.75,,,sl-fredericdalessandro,1,1,0,
88,feat: bump version to 0.0.25,youcef15,2025-04-18T09:47:02,2025-04-18T10:01:53,2025-04-18T10:01:55,closed,True,1,1,1,0.25,,,sl-fredericdalessandro,1,1,0,
87,feat: AllListingsFr Properbird schema.,aviv-imijatovic,2025-04-18T09:04:02,2025-04-18T09:14:34,2025-04-18T09:14:34,closed,True,1,70,0,0.18,,,aviv-tbalen,1,1,0,
86,Feat/assumption ingestionperiod,aviv-julienjehannet,2025-04-16T18:31:36,,2025-06-02T23:03:35,closed,False,8,61,0,,"enhancement,do_not_merge",,,0,0,0,
85,feat: validation support for case example files directly into the con…,aviv-julienjehannet,2025-04-16T17:41:01,2025-04-17T09:07:08,2025-04-17T09:07:09,closed,True,1,69,11,15.44,,,sl-fredericdalessandro,1,1,0,
84,feat: validation support for case example files directly into the con…,aviv-julienjehannet,2025-04-16T17:33:08,2025-04-22T15:35:51,2025-04-22T15:35:52,closed,True,38,176,85,142.05,,,"aviv-zhaolongliu,aviv-julienjehannet,sl-fredericdalessandro",4,2,0,"aviv-zhaolongliu: I think the formatting is wrong, it should not con..., aviv-julienjehannet: Yes, it was strange to me as well but apparently v..."
83,Feat/test housing contracts,youcef15,2025-04-12T15:26:37,2025-04-17T14:05:49,2025-04-17T14:05:51,closed,True,8,650,0,118.65,,,aviv-hamzaeljaoui,1,1,0,
82,Feat/assertion ingestionperiod,aviv-julienjehannet,2025-04-08T16:00:43,,2025-04-16T18:31:54,closed,False,6,68,9,,,,,0,0,0,
81,fix: expect str as valid type for parameter Versions,aviv-julienjehannet,2025-04-08T15:26:33,2025-04-08T15:28:10,2025-04-08T15:28:11,closed,True,1,1,1,0.03,,,sl-fredericdalessandro,1,1,0,
80,docs: update README,aviv-julienjehannet,2025-04-08T10:54:59,2025-04-08T12:52:22,2025-04-08T12:52:24,closed,True,5,44,16,1.96,,,giselle-garnett,1,1,0,
79,feat: support uuid v4 format type in avro (logicalType remains uuid),aviv-julienjehannet,2025-04-08T10:16:00,2025-04-08T10:30:29,2025-04-08T10:30:31,closed,True,2,21,2,0.24,,,sl-fredericdalessandro,1,1,0,
78,fix: Fix environment variable usage in PR versioning logic,sl-fredericdalessandro,2025-04-08T09:14:08,2025-04-08T09:21:57,2025-04-08T09:21:58,closed,True,1,1,1,0.13,,,aviv-julienjehannet,1,1,0,
77,Update README.md,sl-fredericdalessandro,2025-04-07T15:43:39,2025-04-07T15:46:42,2025-04-07T15:46:43,closed,True,1,1,1,0.05,,,aviv-julienjehannet,1,1,0,
76,feat: test ci,youcef15,2025-04-07T15:16:52,,2025-04-07T19:44:47,closed,False,2,105,0,,,,,0,0,0,
75,feat: Support feature branch workflows,sl-fredericdalessandro,2025-04-07T12:43:32,2025-04-07T15:34:27,2025-04-07T15:34:29,closed,True,4,18,5,2.85,,,aviv-julienjehannet,1,1,0,
74,feat: prepare Classifieds Analytics v2 + refactoring,aviv-julienjehannet,2025-04-07T11:55:43,2025-05-27T10:24:09,2025-05-27T10:24:11,closed,True,74,5354,568,1198.47,data-contract,,,0,0,0,
73,Feat/add housing data ssot contracts v2,youcef15,2025-04-04T13:22:17,,2025-04-17T14:19:02,closed,False,8,648,0,,,,"aviv-julienjehannet,youcef15,Laitbelhoussein,giselle-garnett",13,6,1,"youcef15: would add it as the first column to see it first..., youcef15: We aligned to add a uuid as the primary key here r..., youcef15: as mentionned yesterday, we need to remove ssot_cl..."
72,Feat/add housing data ssot contracts,Laitbelhoussein,2025-04-03T06:48:40,,2025-04-07T14:08:47,closed,False,2,703,0,,,,,0,0,0,
71,feat: use cookiecutter to bootstrap new contract,aviv-julienjehannet,2025-04-02T17:00:19,2025-04-04T15:28:48,2025-04-04T15:28:50,closed,True,10,188,17,46.47,,sl-fredericdalessandro,giselle-garnett,1,1,0,
70,style(pre-commit): forget artifact files,aviv-julienjehannet,2025-04-02T12:41:22,2025-04-02T12:43:40,2025-04-02T12:43:41,closed,True,1,1,0,0.04,,,li-oliviergerffroy,1,1,0,
69,add commit to trigger cicd,ytallal,2025-04-02T09:54:30,2025-04-02T10:00:53,2025-04-02T10:00:54,closed,True,1,2,0,0.11,,,aviv-bertrandmoundounga,1,1,0,
68,Fix/build6,sl-fredericdalessandro,2025-03-31T09:57:09,2025-03-31T09:59:54,2025-03-31T09:59:55,closed,True,1,4,0,0.05,,,aviv-julienjehannet,1,1,0,
67,Fix/build5,sl-fredericdalessandro,2025-03-31T09:47:20,2025-03-31T09:52:03,2025-03-31T09:52:05,closed,True,2,5,2,0.08,,,aviv-julienjehannet,1,1,0,
66,Fix/build4,sl-fredericdalessandro,2025-03-31T09:06:52,2025-03-31T09:08:45,2025-03-31T09:08:47,closed,True,2,3,2,0.03,,,aviv-bertrandmoundounga,1,1,0,
65,fix: add aws_account var,sl-fredericdalessandro,2025-03-31T08:53:33,2025-03-31T08:55:14,2025-03-31T08:55:15,closed,True,1,2,0,0.03,,,aviv-bertrandmoundounga,1,1,0,
64,Feat/codeowners,aviv-julienjehannet,2025-03-28T16:49:40,2025-04-01T15:07:36,2025-04-01T15:07:38,closed,True,15,416,323,94.3,,,sl-fredericdalessandro,1,1,0,
63,Another iteration of schema changes and adding field descriptions.,aviv-imijatovic,2025-03-28T14:45:28,2025-05-13T11:42:38,2025-05-13T11:42:40,closed,True,5,443,168,1100.95,data-contract,"iwt-markuslechner,aviv-redoineElBachiri","aviv-tbalen,aviv-redoineElBachiri,aviv-ziyadmuhammed,iwt-markuslechner,aviv-julienjehannet",31,4,2,"aviv-ziyadmuhammed: We can have the version as v1 in the file name as ..., aviv-ziyadmuhammed: Do we have a `Date` data type? From the definition..., aviv-ziyadmuhammed: Put a date on this comment. Otherwise it's hard to..."
62,feat: add ingestion mode,aviv-hamzaeljaoui,2025-03-28T13:30:24,,2025-04-10T10:00:12,closed,False,2,31,0,,,,,0,0,0,
61,feat(contracts): field description are mandatory,aviv-julienjehannet,2025-03-28T12:05:54,2025-04-01T08:27:24,2025-04-01T08:27:26,closed,True,23,177,723,92.36,,,sl-fredericdalessandro,1,1,0,
60,ci: add github action for pre-commit support,aviv-julienjehannet,2025-03-28T11:25:31,2025-03-28T12:01:08,2025-03-28T12:01:09,closed,True,16,71,13,0.59,,,sl-fredericdalessandro,1,1,0,
59,feat: Add glue_version decorator + push on s3,sl-fredericdalessandro,2025-03-27T10:35:49,2025-03-31T08:48:13,2025-03-31T08:48:15,closed,True,14,98,41,94.21,,,"aviv-julienjehannet,sl-fredericdalessandro",4,1,0,"aviv-julienjehannet: version_number n'est pas présent aussi dans la res..., sl-fredericdalessandro: si ? https://boto3.amazonaws.com/v1/documentation/..., sl-fredericdalessandro: ah oui ok, c'est fixé..."
58,Update invoice_v1.py,sl-fredericdalessandro,2025-03-26T13:29:38,,2025-03-28T14:57:57,closed,False,1,1,0,,,,,0,0,0,
57,feat(poetry): add dependency to aviv-data-modeling,aviv-julienjehannet,2025-03-25T17:00:09,2025-03-26T14:08:53,2025-03-26T14:08:55,closed,True,10,654,525,21.15,,,sl-fredericdalessandro,1,1,0,
56,fix(typo): standardize column names,aviv-imijatovic,2025-03-25T11:46:50,2025-03-25T11:48:22,2025-03-25T11:48:24,closed,True,1,1,1,0.03,,,aviv-tbalen,1,1,0,
55,feat: run contract format validation (basic rules for now),aviv-julienjehannet,2025-03-24T18:38:20,2025-03-25T08:34:20,2025-03-25T08:34:21,closed,True,2,7,0,13.93,,,sl-fredericdalessandro,1,1,0,
54,feat(add): initial contract for favorites part,li-oliviergerffroy,2025-03-24T13:31:43,,2025-07-17T10:59:57,open,False,3,98,0,,"data-contract,outdated","sl-fredericdalessandro,giselle-garnett","gsl-ziedbentahar,giselle-garnett,DavidLacroix,aviv-julienjehannet,sl-fredericdalessandro",30,2,0,"aviv-julienjehannet: typographic error..., aviv-julienjehannet: Don't mention a data product if you don't have one..., aviv-julienjehannet: Can you find a link to the allowed values (source ..."
53,feat: forget datalake storage zone except in the registry name,aviv-julienjehannet,2025-03-21T15:33:09,2025-03-24T07:37:47,2025-03-24T07:37:47,closed,True,27,26,3224,64.08,,sl-fredericdalessandro,aviv-bertrandmoundounga,1,1,0,
52,Feat/subtype,aviv-julienjehannet,2025-03-21T11:35:32,2025-03-21T14:28:12,2025-03-21T14:28:13,closed,True,13,262,44,2.88,,,aviv-zhaolongliu,1,1,0,
51,fix: set contract default to None to fix validation error,aviv-zhaolongliu,2025-03-21T09:49:09,2025-03-21T11:06:19,2025-03-21T11:06:19,closed,True,2,8,8,1.29,,,DimitriKouliche,1,1,0,
50,feat: update example and schema with new portal enums,aviv-zhaolongliu,2025-03-20T17:23:44,2025-03-21T10:00:04,2025-03-21T10:00:06,closed,True,26,42,78,16.61,,,aviv-julienjehannet,1,1,0,
49,fix: wrong call to method,aviv-julienjehannet,2025-03-20T13:34:15,2025-03-20T13:40:35,2025-03-20T13:40:37,closed,True,1,1,1,0.11,,,sl-fredericdalessandro,1,1,0,
48,Feat/split codeset module,aviv-julienjehannet,2025-03-20T11:50:44,2025-03-20T13:03:40,2025-03-20T13:03:41,closed,True,14,387,354,1.22,,aviv-zhaolongliu,sl-fredericdalessandro,1,1,0,
47,"fix: update schema change and examples(channel, subtype)",aviv-zhaolongliu,2025-03-19T15:27:53,2025-03-19T15:54:41,2025-03-19T15:54:43,closed,True,11,38,32,0.45,,,aviv-bertrandmoundounga,1,1,0,
46,feat: make table description mandatory,aviv-julienjehannet,2025-03-18T17:53:19,2025-03-19T09:05:58,2025-03-19T09:05:59,closed,True,6,64,10,15.21,,,sl-fredericdalessandro,1,1,0,
45,feat(specs/classifieds analytics): change data optional field definit…,aviv-julienjehannet,2025-03-18T13:25:23,2025-03-18T17:52:10,2025-03-18T17:52:12,closed,True,2,10,4,4.45,,,aviv-bertrandmoundounga,1,1,0,
44,fix: export switch should honor contract folder when exporting avsc f…,aviv-julienjehannet,2025-03-18T11:39:22,2025-03-19T08:58:50,2025-03-19T08:58:51,closed,True,6,4,1374,21.32,,aviv-bertrandmoundounga,sl-fredericdalessandro,1,1,0,
43,feat(specs:classifieds analytics): forget CLASSIFIED_SHARED_SOCIAL_ME…,aviv-julienjehannet,2025-03-18T10:57:37,2025-03-19T09:21:53,2025-03-19T09:21:54,closed,True,6,5,26,22.4,,,"aviv-zhaolongliu,aviv-bertrandmoundounga,sl-charlessauthier,lhusson",4,4,0,
42,Fix/rc version,sl-fredericdalessandro,2025-03-17T13:44:38,2025-03-17T13:46:02,2025-03-17T13:46:03,closed,True,2,2,2,0.02,,,aviv-bertrandmoundounga,1,1,0,
41,test: s3_connector_demo,aviv-hamzaeljaoui,2025-03-14T14:36:28,,2025-03-14T14:43:58,closed,False,1,29,0,,do_not_merge,,,0,0,0,
40,Update version,aviv-bertrandmoundounga,2025-03-13T15:30:23,,2025-03-13T15:51:44,closed,False,1,1,1,,,sl-fredericdalessandro,,0,0,0,
39,feat: update PartitionLayout + update to 0.0.15,aviv-bertrandmoundounga,2025-03-13T13:53:22,,2025-03-13T15:01:34,closed,False,5,5,5,,,sl-fredericdalessandro,aviv-julienjehannet,1,1,0,
38,feat: add PII annotation in data schema contract specification (level 0),aviv-julienjehannet,2025-03-13T12:57:33,2025-06-06T12:22:12,2025-06-06T12:22:14,closed,True,3,38,1,2039.41,"enhancement,help wanted,do_not_merge",as-jeanfavreau,sl-fredericdalessandro,1,1,0,
37,fix: deps and update to 0.0.15,sl-fredericdalessandro,2025-03-11T17:40:07,2025-03-13T15:19:13,2025-03-13T15:19:15,closed,True,6,58,60,45.65,,,aviv-bertrandmoundounga,1,1,0,
36,Fix/build1,sl-fredericdalessandro,2025-03-11T16:28:57,2025-03-11T16:34:50,2025-03-11T16:34:52,closed,True,2,3,4,0.1,,,aviv-julienjehannet,1,1,0,
35,Update classified_action_v1.py,sl-fredericdalessandro,2025-03-11T16:08:23,2025-03-11T16:09:20,2025-03-11T16:09:23,closed,True,1,0,1,0.02,,,aviv-julienjehannet,1,1,0,
34,Update terraform.yml,sl-fredericdalessandro,2025-03-11T15:49:23,2025-03-11T16:07:11,2025-03-11T16:07:13,closed,True,1,1,1,0.3,,ytallal,aviv-julienjehannet,1,1,0,
33,fix: remove terraform,sl-fredericdalessandro,2025-03-10T15:54:35,2025-03-13T14:57:06,2025-03-13T14:57:08,closed,True,53,133,2838,71.04,,aviv-julienjehannet,ytallal,1,1,0,
32,Feat/analytics payment contract,aviv-imijatovic,2025-03-10T09:37:58,2025-03-18T09:23:37,2025-03-18T09:23:38,closed,True,2,120,0,191.76,,,"aviv-julienjehannet,aviv-nsamardzic",2,2,0,
31,feat: add classifieds analytics specs for collection event,aviv-julienjehannet,2025-03-07T16:45:02,2025-03-13T17:17:55,2025-03-13T17:17:56,closed,True,36,1339,86,144.55,,"DimitriKouliche,sl-charlessauthier","gsl-ziedbentahar,sl-charlessauthier,lhusson,aviv-julienjehannet,DimitriKouliche",44,2,1,"aviv-julienjehannet: Please, give a valid value here. @sl-charlessauthi..., aviv-julienjehannet: Shouldn't be the [subject](https://github.com/clou..., aviv-julienjehannet: Please, remove any attempt of commenting. It is fo..."
30,fix: cleaning test and reduce code complexity,aviv-julienjehannet,2025-03-07T15:12:34,2025-03-10T13:54:25,2025-03-10T13:54:27,closed,True,8,158,105,70.7,,aviv-bertrandmoundounga,sl-fredericdalessandro,1,1,0,
29,feat: Update version format for dev/preview,sl-fredericdalessandro,2025-03-07T14:06:37,,2025-03-13T15:11:40,closed,False,2,4,4,,,aviv-julienjehannet,,0,0,0,
28,feat: rework db names,sl-fredericdalessandro,2025-03-06T14:27:04,2025-03-07T09:11:18,2025-03-07T09:11:19,closed,True,14,108,156,18.74,,"DimitriKouliche,ytallal","aviv-bertrandmoundounga,aviv-julienjehannet,sl-fredericdalessandro",5,2,1,"sl-fredericdalessandro: @aviv-julienjehannet could not get the data from _..., aviv-julienjehannet: Yes, correct. And for sure a more consistent way t..."
27,feat: rename main database for all classifieds analytics contracts,aviv-julienjehannet,2025-03-06T11:29:34,,2025-03-06T18:00:09,closed,False,10,57,6,,,"DavidLacroix,sl-fredericdalessandro,aviv-bertrandmoundounga,aviv-ziyadmuhammed",,0,0,0,
26,chore: update event connector ecs role,ahached,2025-03-06T07:52:29,2025-03-06T09:04:35,2025-03-06T09:04:36,closed,True,2,2,2,1.2,,,ytallal,1,1,0,
25,chore: init preview env,ytallal,2025-02-27T16:10:46,2025-02-28T08:28:34,2025-02-28T08:28:36,closed,True,8,107,6,16.3,,,ahached,1,1,0,
24,feat(contracts): prepare annotation syntax to facilitate data platfor…,aviv-julienjehannet,2025-02-27T09:26:40,2025-02-28T16:15:54,2025-02-28T16:15:56,closed,True,7,236,43,30.82,,,sl-fredericdalessandro,1,1,0,
23,feat(contracts): support any custom property by dict usage,aviv-julienjehannet,2025-02-26T11:49:21,2025-02-26T16:25:22,2025-02-26T16:25:24,closed,True,2,16,2,4.6,,,sl-fredericdalessandro,1,1,0,
22,fix glue permissions,ytallal,2025-02-25T17:27:34,2025-02-26T08:39:17,2025-02-26T08:39:20,closed,True,2,7,11,15.2,,,sl-fredericdalessandro,1,1,0,
21,chore: add classified analytics dev producers,ahached,2025-02-24T16:52:17,2025-02-24T17:03:15,2025-02-24T17:03:18,closed,True,1,2,0,0.18,,,ytallal,1,1,0,
20,doc: add table descriptions,aviv-julienjehannet,2025-02-21T09:01:59,2025-02-25T15:12:54,2025-04-18T17:00:50,closed,True,19,536,71,102.18,,,sl-fredericdalessandro,2,2,0,
19,debug ci,ytallal,2025-02-20T21:29:56,,2025-02-20T22:30:38,closed,False,4,30,29,,,,,0,0,0,
18,ci: disable caches,aviv-julienjehannet,2025-02-20T11:47:15,2025-02-20T22:23:22,2025-02-20T22:23:25,closed,True,1,2,2,10.6,,,"sl-fredericdalessandro,ytallal",2,2,0,
17,chore: debug,ytallal,2025-02-20T10:29:35,,2025-02-20T21:29:19,closed,False,3,28,27,,,,,0,0,0,
16,Add `allowed properties` comment and bump version to 0.0.12a0,sl-fredericdalessandro,2025-02-20T10:13:37,2025-02-20T10:17:38,2025-02-20T10:17:39,closed,True,2,2,1,0.07,,,ytallal,1,1,0,
15,Fix/build version,sl-fredericdalessandro,2025-02-19T18:29:17,2025-02-19T18:33:07,2025-02-19T18:33:09,closed,True,4,4,16,0.06,,,ytallal,1,1,0,
14,add classified analytics local producer,ytallal,2025-02-19T18:15:59,2025-02-19T18:29:06,2025-02-19T18:29:09,closed,True,2,4,2,0.22,,,"sl-fredericdalessandro,DimitriKouliche",2,2,0,
13,Bump version and fix version formatting in scripts.,sl-fredericdalessandro,2025-02-19T17:57:14,2025-02-19T18:19:42,2025-02-19T18:19:44,closed,True,1,3,3,0.37,,,ytallal,1,1,0,
12,Simplify version formatting in deployment script,sl-fredericdalessandro,2025-02-19T17:29:35,2025-02-19T17:44:20,2025-02-19T17:44:23,closed,True,2,3,3,0.25,,,aviv-bertrandmoundounga,1,1,0,
11,Refactor schema handling to use Contract instead of AvroBase,sl-fredericdalessandro,2025-02-19T15:42:32,2025-02-19T16:33:25,2025-02-19T16:33:26,closed,True,1,5,6,0.85,,,aviv-bertrandmoundounga,1,1,0,
10,Refactor schemas and add CLDP event contracts.,sl-fredericdalessandro,2025-02-19T14:51:57,2025-02-19T15:01:13,2025-02-19T15:01:15,closed,True,7,130,35,0.15,,,DimitriKouliche,1,1,0,
9,fix: Add support for `partitionLayout` in metadata and schema,sl-fredericdalessandro,2025-02-19T10:19:19,2025-02-19T14:43:47,2025-02-19T14:43:50,closed,True,2,5,6,4.41,,,aviv-bertrandmoundounga,1,1,0,
8,Init terraform code,ytallal,2025-02-18T15:57:06,2025-02-19T14:50:48,2025-02-19T14:50:50,closed,True,54,2783,127,22.89,,,sl-fredericdalessandro,1,1,0,
7,Init terraform code,ytallal,2025-02-17T17:50:14,,2025-02-18T15:56:45,closed,False,51,2725,125,,,,,0,0,0,
6,feat(contracts): table metadata support,aviv-julienjehannet,2025-02-17T16:36:07,2025-02-20T11:35:29,2025-02-20T11:35:31,closed,True,11,129,40,66.99,,,sl-fredericdalessandro,3,3,0,
5,Update pyproject.toml,sl-fredericdalessandro,2025-02-17T15:55:43,2025-02-17T15:56:36,2025-02-17T15:56:38,closed,True,1,1,1,0.01,,,DimitriKouliche,1,1,0,
4,Update pyproject.toml,sl-fredericdalessandro,2025-02-17T15:33:07,2025-02-17T15:46:58,2025-02-17T15:47:01,closed,True,1,1,1,0.23,,,DimitriKouliche,1,1,0,
3,fix: build,sl-fredericdalessandro,2025-02-17T11:24:17,2025-02-17T12:55:30,2025-02-17T12:55:33,closed,True,1,1,0,1.52,,,DimitriKouliche,1,1,0,
2,chore: allow library to be used with aioboto3 (boto3 <= 1.36.4),DimitriKouliche,2025-02-17T10:27:19,2025-02-17T10:30:34,2025-02-17T10:30:37,closed,True,2,12,12,0.05,,,sl-fredericdalessandro,1,1,0,
1,feat: DATAPLT-25 - Create schema custom properties set,sl-fredericdalessandro,2025-02-13T10:07:51,2025-02-17T13:29:56,2025-02-17T13:29:57,closed,True,13,852,28,99.37,,,"aviv-julienjehannet,sl-fredericdalessandro",4,1,1,"aviv-julienjehannet: Use a parent class here `Contract`, just to avoid ..., aviv-julienjehannet: Pydantic offers many [data types as precise UUID t..., sl-fredericdalessandro: ok
..."
